{"cameraMode":{"drawMode":0,"name":"Shaded","section":"Shading Mode"},"sceneLighting":false,"audioPlay":false,"sceneViewState":{"showFog":false,"showMaterialUpdate":false,"showSkybox":false,"showFlares":false,"showImageEffects":false,"showParticleSystems":false},"in2DMode":false,"pivot":{"x":-0.3565186858177185,"y":-0.9998607039451599,"z":-6.096371650695801},"rotation":{"x":-0.3028002679347992,"y":0.39147090911865237,"z":-0.13817381858825684,"w":-0.8578872680664063},"size":7.072000980377197,"orthographic":false}